ID,Duplicates,Song,Artist 1,Artist 2,Artist 3,Artist 4,Artist 5,Artist 6,Artist 7,Artist 8,Artist 9,Artist 10,Duration,Album,Popularity,Dance,Energy,Key,Volume,Mode,Speech,Acoustic,Instrumental,Lively,Valence,Tempo,URI,Artists URIs
4,3,Adam's Song,blink-182,,,,,,,,,,249560,Enema Of The State,0,0.517,0.754,0,-5.754,1,0.0338,0.0438,0.0,0.364,0.49,136.089,spotify:track:4RNeJ1qy9feTpgCI8xxQM1,"['spotify:artist:6FBDaR13swtiWwGhX1WQsP', '', '', '', '', '', '', '', '', '']"
1,5,7 rings,Ariana Grande,,,,,,,,,,178640,7 rings,2,0.725,0.321,1,-10.744,0,0.323,0.578,0.0,0.0884,0.319,70.142,spotify:track:14msK75pk3pA33pzPVNtBF,"['spotify:artist:66CXWjxzNUsdJxJ2JdwvnR', '', '', '', '', '', '', '', '', '']"
9,,When We're High,LP,,,,,,,,,,237501,Lost on You (Deluxe Edition),52,0.754,0.739,4,-5.186,0,0.0383,0.0214,6.56e-06,0.114,0.573,112.996,spotify:track:2DYGrX2I5xqTUMY71heari,"['spotify:artist:0J7U24vlOOIeMpuaO6Q85A', '', '', '', '', '', '', '', '', '']"
11,,Superhero In My Sleep,Rival,Asketa & Natan Chaim,,,,,,,,,186704,Superhero In My Sleep,52,0.653,0.8,0,-5.921,0,0.0471,0.0339,0.00119,0.0948,0.26,103.004,spotify:track:1BHhgOM82RNW9fjZS6cPVs,"['spotify:artist:4u1nYxjl132D6rcMeYQ6Zz', 'spotify:artist:7HMpxXbzJOXYZyRiV0hvZn', '', '', '', '', '', '', '', '']"
10,,How Low,Ludacris,,,,,,,,,,201587,Battle Of The Sexes (Deluxe),65,0.785,0.498,1,-6.977,1,0.0533,0.00248,1.23e-06,0.224,0.418,143.96,spotify:track:1WtTLtofvcjQM3sXSMkDdX,"['spotify:artist:3ipn9JLAPI5GUEo4y4jcoi', '', '', '', '', '', '', '', '', '']"
6,,All Alone,Freddie Dredd,,,,,,,,,,174250,All Alone,74,0.69,0.88,1,-3.525,1,0.284,0.0384,0.502,0.126,0.813,159.933,spotify:track:5V5BHmvpylV0nSc2Yu2Mu4,"['spotify:artist:0dlDsD7y6ccmDm8tuWCU6F', '', '', '', '', '', '', '', '', '']"
7,,Cha Cha,Freddie Dredd,,,,,,,,,,173938,Cha Cha,74,0.792,0.698,1,-6.364,1,0.172,0.489,0.0788,0.127,0.751,129.971,spotify:track:1vvBUZseJ7fwYPX1NedOLd,"['spotify:artist:0dlDsD7y6ccmDm8tuWCU6F', '', '', '', '', '', '', '', '', '']"
8,,GTG,Freddie Dredd,,,,,,,,,,93894,GTG,75,0.88,0.777,7,-6.875,0,0.125,0.164,0.0171,0.0957,0.974,154.955,spotify:track:46M2hXnaQpueG7vSvgVtVH,"['spotify:artist:0dlDsD7y6ccmDm8tuWCU6F', '', '', '', '', '', '', '', '', '']"
